{"cameraMode":{"drawMode":0,"name":"Shaded","section":"Shading Mode"},"sceneLighting":false,"audioPlay":false,"sceneViewState":{"showFog":false,"showMaterialUpdate":false,"showSkybox":false,"showFlares":false,"showImageEffects":false,"showParticleSystems":false},"in2DMode":false,"pivot":{"x":-0.0010202229022979737,"y":0.26695209741592409,"z":-0.0001595914363861084},"rotation":{"x":0.1546807587146759,"y":-0.6420742869377136,"z":0.1344350427389145,"w":0.7387476563453674},"size":0.4637683033943176,"orthographic":false}