{"cameraMode":{"drawMode":0,"name":"Shaded","section":"Shading Mode"},"sceneLighting":false,"audioPlay":false,"sceneViewState":{"showFog":false,"showMaterialUpdate":false,"showSkybox":false,"showFlares":false,"showImageEffects":false,"showParticleSystems":false},"in2DMode":false,"pivot":{"x":253.54507446289063,"y":342.57550048828127,"z":-104.87667846679688},"rotation":{"x":-0.16490045189857484,"y":-0.3877115845680237,"z":0.07071342319250107,"w":-0.9041587710380554},"size":0.8921094536781311,"orthographic":false}