{"cameraMode":{"drawMode":0,"name":"Shaded","section":"Shading Mode"},"sceneLighting":false,"audioPlay":false,"sceneViewState":{"showFog":false,"showMaterialUpdate":false,"showSkybox":false,"showFlares":false,"showImageEffects":false,"showParticleSystems":false},"in2DMode":false,"pivot":{"x":-4.150531768798828,"y":0.3991853892803192,"z":-1.0169202089309693},"rotation":{"x":-0.16490045189857484,"y":-0.3877115845680237,"z":0.07071342319250107,"w":-0.9041587710380554},"size":1.3381842374801636,"orthographic":false}