{"cameraMode":{"drawMode":0,"name":"Shaded","section":"Shading Mode"},"sceneLighting":true,"audioPlay":false,"sceneViewState":{"showFog":false,"showMaterialUpdate":false,"showSkybox":false,"showFlares":false,"showImageEffects":false,"showParticleSystems":false},"in2DMode":false,"pivot":{"x":226.29336547851563,"y":2.992380142211914,"z":183.41952514648438},"rotation":{"x":-0.11105338484048844,"y":0.8675979375839233,"z":-0.22421589493751527,"w":-0.42973044514656069},"size":13.75877571105957,"orthographic":false}