{"cameraMode":{"drawMode":0,"name":"Shaded","section":"Shading Mode"},"sceneLighting":false,"audioPlay":false,"sceneViewState":{"showFog":false,"showMaterialUpdate":false,"showSkybox":false,"showFlares":false,"showImageEffects":false,"showParticleSystems":false},"in2DMode":false,"pivot":{"x":0.0,"y":0.5126339197158814,"z":0.004480540752410889},"rotation":{"x":0.22306089103221894,"y":-0.020187729969620706,"z":0.004623180255293846,"w":0.9745948910713196},"size":0.8107524514198303,"orthographic":false}