{"cameraMode":{"drawMode":0,"name":"Shaded","section":"Shading Mode"},"sceneLighting":false,"audioPlay":false,"sceneViewState":{"showFog":false,"showMaterialUpdate":false,"showSkybox":false,"showFlares":false,"showImageEffects":false,"showParticleSystems":false},"in2DMode":false,"pivot":{"x":267.12872314453127,"y":342.0975646972656,"z":-226.91387939453126},"rotation":{"x":-0.16490045189857484,"y":-0.3877115845680237,"z":0.07071342319250107,"w":-0.9041587710380554},"size":1.2170562744140626,"orthographic":false}